vendor,product,version,date,url
others,SRX5308  ProSAFE Quad WAN Gigabit SSL VPN Firewall,unknown,unknown,http://www.downloads.netgear.com/files/GDC/SRX5308/srx5308_v3.0.6-9.zip
others,SRX5308  ProSAFE Quad WAN Gigabit SSL VPN Firewall,unknown,unknown,http://www.downloads.netgear.com/files/GDC/SRX5308/srx5308_IPv6_v4.2.0-22.zip
others,SRX5308  ProSAFE Quad WAN Gigabit SSL VPN Firewall,unknown,unknown,http://www.downloads.netgear.com/files/GDC/SRX5308/SRX5308%20Firmware%20Version%203.0.7-45.zip
others,SRX5308  ProSAFE Quad WAN Gigabit SSL VPN Firewall,unknown,unknown,http://www.downloads.netgear.com/files/GDC/SRX5308/SRX5308%20Firmware%20Version%203.0.7-29.zip
others,SRX5308  ProSAFE Quad WAN Gigabit SSL VPN Firewall,unknown,unknown,http://www.downloads.netgear.com/files/GDC/SRX5308/SRX5308%20Firmware%20Version%203.0.6-9.1.zip
others,SRX5308  ProSAFE Quad WAN Gigabit SSL VPN Firewall,unknown,unknown,http://www.downloads.netgear.com/files/GDC/SRX5308/SRX5308%20Firmware%20Version%203.0.6-11.zip
others,SRX5308  ProSAFE Quad WAN Gigabit SSL VPN Firewall,unknown,unknown,http://www.downloads.netgear.com/files/GDC/FVX538v2/VPN%20Lite%20v5.14.003.zip
others,SRX5308  ProSAFE Quad WAN Gigabit SSL VPN Firewall,unknown,unknown,http://www.downloads.netgear.com/files/GDC/FVX538v2/VPN%20Lite%20v5.04.002.zip
others,SRX5308  ProSAFE Quad WAN Gigabit SSL VPN Firewall,unknown,unknown,http://www.downloads.netgear.com/files/GDC/FVX538v2/VPN%20Lite%20v4.74.001.zip
others,SRX5308  ProSAFE Quad WAN Gigabit SSL VPN Firewall,unknown,unknown,http://www.downloads.netgear.com/files/GDC/VPNG05L/NETGEARVPNClientLite_Setup_V6.40.004.zip
others,SRX5308  ProSAFE Quad WAN Gigabit SSL VPN Firewall,unknown,unknown,http://www.downloads.netgear.com/files/GDC/FVX538v2/VPN%20Lite%20v4.66.012%20(Supports%20Windows%207).zip
others,SRX5308  ProSAFE Quad WAN Gigabit SSL VPN Firewall,unknown,unknown,http://www.downloads.netgear.com/files/GDC/VPNG05L/NETGEARVPNClientLite_Setup_V6.30.001.zip
others,SRX5308  ProSAFE Quad WAN Gigabit SSL VPN Firewall,unknown,unknown,http://www.downloads.netgear.com/files/GDC/VPNG05L/NETGEARVPNClientPro_Setup_V6.40.004.zip
others,SRX5308  ProSAFE Quad WAN Gigabit SSL VPN Firewall,unknown,unknown,http://www.downloads.netgear.com/files/GDC/SRX5308/SRX5308%20Firmware%20Version%203.0.7-24.zip
netgear,SRX5308  ProSAFE Quad WAN Gigabit SSL VPN Firewall,unknown,unknown,https://www.downloads.netgear.com/files/GDC/SRX5308/SRX5308_V4.3.2-7.zip
netgear,SRX5308  ProSAFE Quad WAN Gigabit SSL VPN Firewall,unknown,unknown,https://www.downloads.netgear.com/files/GDC/SRX5308/SRX5308_V4.3.4-2.zip
netgear,SRX5308  ProSAFE Quad WAN Gigabit SSL VPN Firewall,unknown,unknown,https://www.downloads.netgear.com/files/GDC/SRX5308/srx5308_v4.3.3-6.zip
netgear,SRX5308  ProSAFE Quad WAN Gigabit SSL VPN Firewall,unknown,unknown,https://www.downloads.netgear.com/files/GDC/SRX5308/SRX5308_v4.3.3-5.zip
netgear,SRX5308  ProSAFE Quad WAN Gigabit SSL VPN Firewall,unknown,unknown,https://www.downloads.netgear.com/files/GDC/SRX5308/SRX5308_v4.3.3-3.zip
netgear,SRX5308  ProSAFE Quad WAN Gigabit SSL VPN Firewall,unknown,unknown,https://www.downloads.netgear.com/files/GDC/SRX5308/SRX5308_V4.3.1-22.zip
netgear,SRX5308  ProSAFE Quad WAN Gigabit SSL VPN Firewall,unknown,unknown,https://www.downloads.netgear.com/files/GDC/SRX5308/srx5308-v4.2.1-2.zip
netgear,SRX5308  ProSAFE Quad WAN Gigabit SSL VPN Firewall,unknown,unknown,https://www.downloads.netgear.com/files/GDC/SRX5308/srx5308_IPv6_v4.2.0-22.zip
netgear,SRX5308  ProSAFE Quad WAN Gigabit SSL VPN Firewall,unknown,unknown,https://www.downloads.netgear.com/files/GDC/SRX5308/srx5308_v3.0.6-9.zip
netgear,SRX5308  ProSAFE Quad WAN Gigabit SSL VPN Firewall,unknown,unknown,https://www.downloads.netgear.com/files/GDC/SRX5308/srx5308_v3.0.8-12.zip
netgear,SRX5308  ProSAFE Quad WAN Gigabit SSL VPN Firewall,unknown,unknown,https://www.downloads.netgear.com/files/GDC/SRX5308/SRX5308_V4.3.5-3.zip
netgear,SRX5308  ProSAFE Quad WAN Gigabit SSL VPN Firewall,unknown,unknown,https://www.downloads.netgear.com/files/GDC/SRX5308/srx5308_v4.3.0-19.zip
netgear,SRX5308  ProSAFE Quad WAN Gigabit SSL VPN Firewall,unknown,unknown,https://www.downloads.netgear.com/files/GDC/SRX5308/SRX5308_V4.3.3-8.zip
netgear,SRX5308  ProSAFE Quad WAN Gigabit SSL VPN Firewall,unknown,unknown,https://www.downloads.netgear.com/files/GDC/SRX5308/SRX5308_V4.3.4-1.zip
